[
  {
    "Id" : 1,
    "Name" : "Shweta",
    "Qualification" : "Bachelor",
    "Experience" : 3,
    "Languages" : [
                    "Marathi",
                    "Hindi",
                    "English"
    ]
  },
  {
    "Id" : 2,
    "Name" : "Sneha",
    "Qualification" : "Masters",
    "Experience" : 4,
    "Languages" : [
                    "Marathi",
                    "Hindi"
    ]
  },
  {
    "Id" : 3,
    "Name" : "Anita",
    "Qualification" : "Doctorate",
    "Experience" : 5,
    "Languages" : [
                    "Marathi",
                    "Hindi",
                    "english",
                    "kannada"
    ]
  },
  {
    "Id" : 4,
    "Name" : "Aparna",
    "Qualification" : "Bachelor",
    "Experience" : 6,
    "Languages" : [
                    "Hindi",
                    "english",
                    "kannada"
    ]
  }
]
